AUC,PR_AUC,Brier,KS,LogLoss
0.9358988053908739,0.9475114331076415,0.10046110542261491,0.7165963431786216,0.3198301142327885
0.928154238561422,0.9400666065686647,0.10863496850959876,0.6975694104209412,0.34152302453261807
0.9205156527910161,0.9338952264606281,0.1137877267682097,0.679260064275965,0.35692121990752396
0.921968641959912,0.9359420222276219,0.11297651415768148,0.6728577070286866,0.3520069548033857
0.9223991939275347,0.9377043374843618,0.11013332496635386,0.6861879918561343,0.3450123109812163
