AUC,PR_AUC,Brier,KS,LogLoss
0.9261512279350566,0.8612980129824295,0.06979725636653766,0.6856741600173358,0.2448145341884027
0.9268231233126644,0.8697607450673561,0.06531355316502693,0.7022086048118164,0.23307283070077647
0.9272069067770639,0.8743326696128441,0.06317213033587636,0.7148295587263248,0.2276228123469778
0.9189060213439373,0.8578937095736288,0.06967868176281042,0.692022853606943,0.24648619873669944
0.9301647307767478,0.8758415840171629,0.0629331045396661,0.7145564327047187,0.22695235809002945
