AUC,PR_AUC,Brier,KS,LogLoss
0.9279968092324553,0.9417188243434174,0.11909042890340331,0.7123769338959213,0.43390765497145545
0.9212183927841471,0.9354426185004237,0.12883883662932974,0.6975674308716648,0.47909115735327545
0.9123448157089111,0.9268409945644028,0.1333359159113778,0.6764476196414838,0.5014557048949062
0.9165028589640425,0.9324221891511291,0.13021793440337498,0.6868872676380315,0.4845773221197814
0.9171350775142009,0.9338985377260849,0.12759509452059783,0.6890009313779346,0.4721376653842232
