AUC,PR_AUC,Brier,KS,LogLoss
0.9351246041212925,0.9471331783758102,0.10075018799375049,0.7151898734177216,0.3211505389594051
0.9268521900248533,0.938985602857106,0.10961837608666364,0.6968562777941091,0.3443629340469996
0.9202590537160593,0.9335024665978708,0.11385768997950424,0.6792541256281357,0.35745396740150787
0.9211968651857658,0.9357469444734183,0.11256164483921552,0.681294051157492,0.3520965633686615
0.9207724993096321,0.9367078090269204,0.11103122626144495,0.6868763801170111,0.34835204152244964
