AUC,PR_AUC,Brier,KS,LogLoss
0.9263616463011501,0.8612623836649372,0.06979994983675647,0.6834082116302213,0.24457322322539987
0.9265097461672732,0.8696635042878454,0.06531249276000418,0.7018184709735454,0.23302614676333602
0.9267509913485819,0.8738094127407665,0.06331990543217741,0.7145835507646127,0.22802190546024806
0.9185058829460517,0.8575212306691726,0.06976836992525258,0.6898445371854539,0.24672056882803764
0.9299176311585851,0.8751487416983711,0.06312450380865108,0.7147811566168208,0.2274772499909849
