AUC,PR_AUC,Brier,KS,LogLoss
0.9261654444596272,0.8613064431912247,0.06978975257997092,0.6854778891635577,0.24480698972697448
0.9268113889261628,0.8697907858689486,0.06529851698247337,0.7020272050016649,0.23302858526828588
0.9271795725590957,0.8743364560248139,0.06316796466384916,0.7143027537982138,0.22763059859860732
0.9188149991816292,0.8578543862357587,0.06968304224223273,0.6922191244607213,0.246502540672957
0.9297759183535348,0.8755830423448565,0.06295824778590424,0.714277703230458,0.22711200263549505
