AUC,PR_AUC,Brier,KS,LogLoss
0.9357717087915239,0.947467072805645,0.10040490356784465,0.7165963431786216,0.3198061042431066
0.9279350034790578,0.9399157338058256,0.10872099930684802,0.699677135513015,0.3418746058341063
0.9209556076177015,0.9342720264854478,0.11350998806734561,0.679260064275965,0.3561706983209651
0.9218285888486051,0.9357666372475623,0.11320114387602342,0.6721396255286634,0.35262377585727955
0.9224085967865976,0.9376733364355089,0.11015625465080574,0.6861889816307725,0.34507215961509236
