AUC,PR_AUC,Brier,KS,LogLoss
0.9194948578968652,0.8483862453940383,0.07674392025374481,0.6745560096561948,0.2687376462816138
0.9191529760889097,0.8588820782812056,0.07363344942327278,0.6972288072838236,0.26351625393759753
0.9191271604386065,0.8608325472778404,0.07321191674442881,0.6974151769517875,0.26320267890607235
0.9112691376168078,0.8438787887808363,0.07747232669071746,0.6769822354849693,0.2732082377768365
0.9236402787570988,0.8614520764176955,0.07321732909447723,0.7035163698317471,0.2613012331811325
