AUC,PR_AUC,Brier,KS,LogLoss
0.9285524241327265,0.941315258355855,0.10927685392028202,0.7158931082981715,0.35406515338207684
0.9183099400097592,0.930516353782494,0.11594081438407573,0.6778427069940445,0.36915331956299186
0.9124628463345181,0.9248615217594507,0.11983465327866298,0.6637780093850432,0.3787031618198779
0.9140727147835709,0.9301407520349808,0.11781537061531051,0.6812767301013233,0.3754580298607969
0.9110073827290265,0.928825467772484,0.11951748058466384,0.6728121773953288,0.37869858875174145
