AUC,PR_AUC,Brier,KS,LogLoss
0.9182242042541914,0.8545834854382678,0.07783098277337047,0.6774182239282052,0.38294202408043543
0.9218651379384037,0.8640247535216795,0.07288168131885986,0.6945674484253006,0.36073395807201286
0.9200802687257341,0.8677250579256264,0.07064371999078309,0.7076679936187026,0.3503725331038788
0.9096075342593468,0.8497202768318349,0.07751537098586231,0.6802699449378072,0.39033074046874544
0.9223487032794913,0.8684479172744581,0.07023397933276637,0.7068672008751388,0.35306031328647297
