AUC,PR_AUC,Brier,KS,LogLoss
0.9286013835231375,0.9406755211040904,0.10850005142991026,0.7039381153305204,0.34891198183916716
0.9199361397403425,0.9319877931116995,0.11423484231635903,0.6799741866774354,0.36137538470825836
0.9105595097052351,0.9235113212814503,0.12031020545697098,0.6581550996653572,0.37735380792067025
0.914716068298409,0.9312950885157576,0.11582333613746959,0.6868932062858608,0.3674542518330266
0.9118422576363587,0.9294355653117189,0.11783055058866741,0.6742285449026111,0.37151592643466236
