AUC,PR_AUC,Brier,KS,LogLoss
0.9263667532080346,0.8612683721967321,0.06980046590141753,0.6836044824839995,0.24457384919828176
0.9265096081156674,0.8696640818836361,0.0653119937927746,0.7018184709735454,0.23302531917506678
0.9267509913485819,0.8738094127407665,0.06331990325697429,0.7145835507646127,0.2280219053451594
0.9185058829460517,0.8575212306691726,0.06976836985020267,0.6898445371854539,0.24672056885379479
0.9299176311585852,0.8751489641245419,0.06312446693135701,0.7145848857630427,0.22747705906346297
