AUC,PR_AUC,Brier,KS,LogLoss
0.926153160278202,0.8613012338644436,0.06979778313755076,0.6856741600173358,0.24481514521243777
0.9268229852610584,0.869762082272051,0.06531297524768077,0.7022086048118164,0.23307188200775086
0.9272070448286698,0.8743327896656097,0.06317213039279086,0.7148295587263248,0.22762281856075284
0.9189060213439373,0.8578937095736288,0.06967868172364286,0.692022853606943,0.24648619878594913
0.9301648688983901,0.8758418616667485,0.06293298955404375,0.7145564327047187,0.22695192900114206
