AUC,PR_AUC,Brier,KS,LogLoss
0.9325079967004337,0.9449245114256168,0.1030243505018646,0.7144866385372715,0.3291111262241881
0.922958911485444,0.9352593261247959,0.11052691503261415,0.6848943564039903,0.3473224174078937
0.9169502371005146,0.9302967160057162,0.11529406529438233,0.672202971105509,0.3586512247152245
0.9171197360073086,0.9318282671821867,0.11435479802868953,0.6700417981829717,0.3558725520310679
0.9144703567444729,0.9317170413863658,0.11407370254149062,0.6763337955580894,0.35606311018887876
