AUC,PR_AUC,Brier,KS,LogLoss
0.8517188882401736,0.6634427991469077,0.11472838380167905,0.553408446271889,0.3680819480144847
0.8561866722770839,0.6929457565544124,0.11039594950357023,0.5564923737531869,0.35963469403271336
0.850260116835835,0.6847568199943264,0.11190604997589164,0.5590990641757739,0.36617621028865804
0.8459247554728975,0.6767584087042852,0.11371698327359726,0.5319756436295882,0.36901358389768746
0.8475990660214545,0.6646277609681789,0.11536375943971754,0.5466919521353261,0.37043031848331914
