,AUC,Precision,Recall,F1-Score,Confusion Matrix
Random Forest,0.9386669331863382,0.9691588785046729,0.7176470588235294,0.8246520874751491,"[[5039, 33], [408, 1037]]"
Gradient Boost,0.9262260372196895,0.9487666034155597,0.7032348804500703,0.8077544426494345,"[[5041, 54], [422, 1000]]"
Logistic Regression,0.8711793780339513,0.5514669318746892,0.779887482419128,0.6460821438974658,"[[4193, 902], [313, 1109]]"
Neural Net,0.8296469504339884,,,,"[[4378, 65], [959, 326]]"
