,AUC,GINI,PR-AUC,KS,Brier,LogLoss,Precision,Recall,F1-Score,Confusion Matrix
Random Forest,0.927779763788982,0.8555595275779639,0.8678564636451019,0.7023166744894284,0.06741054166027313,0.25184554974703693,0.9335863377609108,0.6809688581314879,0.787515006002401,"[[5002, 70], [461, 984]]"
Gradient Boost,0.921166955828016,0.842333911656032,0.8596529155236534,0.689227877086413,0.07004389611055577,0.2473050271687744,0.9478527607361963,0.6518987341772152,0.7725,"[[5044, 51], [495, 927]]"
Logistic Regression,0.8556582457912876,0.7113164915825751,0.6863391638961553,0.5587770476281178,0.15263337501283755,0.46568403078921844,0.48789079700572435,0.7791842475386779,0.6000541565123206,"[[3932, 1163], [314, 1108]]"
Neural Net,0.7954474795748308,0.5908949591496615,0.5815394440100319,0.45444896050360334,0.1437634752458268,0.44592412311632756,,,,"[[4442, 1], [1271, 14]]"
Ensemble Bagging,0.9228344989503234,0.8456689979006469,0.8629278923068125,0.7041269328607375,0.07154322124478962,0.25529550249570165,0.9425641025641026,0.6462728551336147,0.7667918231122236,"[[5039, 56], [503, 919]]"
Ensemble Voting,0.9227610699107947,0.8455221398215893,0.8629227182767953,0.7052227094487439,0.07154961595791494,0.2553643009705266,0.9416581371545547,0.6469760900140648,0.7669862442684452,"[[5038, 57], [502, 920]]"
Ensemble Stacking,0.9278755681433909,0.8557511362867818,0.8714349676253018,0.704911188128788,0.06444735093272735,0.2307291564594368,0.9342857142857143,0.689873417721519,0.7936893203883495,"[[5026, 69], [441, 981]]"
Ensemble Blending,0.9215874474989267,0.8431748949978535,0.8647057601084442,0.6947226328451407,0.07097076970579401,0.35542104988460593,0.9370829361296473,0.6912798874824191,0.7956292998785917,"[[5029, 66], [439, 983]]"
