,AUC,GINI,PR-AUC,KS,Brier,LogLoss,Precision,Recall,F1-Score,Confusion Matrix
Random Forest,0.9386669331863382,0.8773338663726764,0.8897738670011264,0.7348205221966315,0.05770165720423508,0.2284458920840814,0.9691588785046729,0.7176470588235294,0.8246520874751491,"[[5039, 33], [408, 1037]]"
Gradient Boost,0.9262260372196895,0.8524520744393791,0.8733267904330202,0.7056970996909632,0.06395608794585159,0.23271503476843725,0.9487666034155597,0.7032348804500703,0.8077544426494345,"[[5041, 54], [422, 1000]]"
Logistic Regression,0.8711793780339513,0.7423587560679026,0.7203318623260883,0.6100004278759822,0.1380093738373317,0.43645222629408786,0.5514669318746892,0.779887482419128,0.6460821438974658,"[[4193, 902], [313, 1109]]"
Neural Net,0.8386822799121777,0.6773645598243554,0.6709033969396684,0.5387438466139628,0.12484181487914425,0.39957555349311724,,,,"[[4344, 99], [890, 395]]"
Ensemble Bagging,0.9893059885470004,0.9786119770940007,0.9650983896082289,0.9009001354474634,0.043945303820047896,0.16770265161891318,0.9838320014867125,0.7447945976364659,0.8477860517255185,"[[25386, 87], [1814, 5294]]"
Ensemble Voting,0.9893192768067333,0.9786385536134665,0.9651342047659035,0.9009786499530184,0.043939295936989795,0.16769089557671812,0.9838320014867125,0.7447945976364659,0.8477860517255185,"[[25386, 87], [1814, 5294]]"
Ensemble Stacking,0.9355876794171882,0.8711753588343765,0.8909692970158598,0.7400812198759404,0.05551199206213656,0.20449987977504414,0.9503906959840087,0.7357906584130557,0.8294346205693442,"[[25200, 273], [1878, 5230]]"
Ensemble Blending,0.9923382468082051,0.9846764936164103,0.9866171810289374,0.945309521567199,0.012531228462153451,0.067151000730377,0.9936324596475641,0.9440067529544176,0.9681841137003102,"[[25430, 43], [398, 6710]]"
