,AUC,GINI,PR-AUC,KS,Brier,LogLoss,Precision,Recall,F1-Score,Confusion Matrix
Random Forest,0.9386669331863382,0.8773338663726764,0.8897738670011264,0.7348205221966315,0.05770165720423508,0.2284458920840814,0.9691588785046729,0.7176470588235294,0.8246520874751491,"[[5039, 33], [408, 1037]]"
Gradient Boost,0.9262260372196895,0.8524520744393791,0.8733267904330202,0.7056970996909632,0.06395608794585159,0.23271503476843725,0.9487666034155597,0.7032348804500703,0.8077544426494345,"[[5041, 54], [422, 1000]]"
Logistic Regression,0.8711793780339513,0.7423587560679026,0.7203318623260883,0.6100004278759822,0.1380093738373317,0.43645222629408786,0.5514669318746892,0.779887482419128,0.6460821438974658,"[[4193, 902], [313, 1109]]"
Neural Net,0.8325266606588776,0.6650533213177552,0.6366051587499644,0.5369357297931167,0.13487357745159478,0.4259776894826941,,,,"[[4417, 26], [1123, 162]]"
Ensemble Bagging,0.9273132562880517,0.8546265125761034,0.8759398317377507,0.7136172221463087,0.06351381230531718,0.23480091075693635,0.9505135387488328,0.7158931082981715,0.816686722823907,"[[5042, 53], [404, 1018]]"
Ensemble Voting,0.9273530073470448,0.8547060146940897,0.8759356400089509,0.7134535250769831,0.06352311120110361,0.23480283466252516,0.9505135387488328,0.7158931082981715,0.816686722823907,"[[5042, 53], [404, 1018]]"
Ensemble Stacking,0.9309900912203989,0.8619801824407978,0.8842686522980238,0.7289865274275406,0.05691080125259772,0.20971543336743223,0.9503219871205152,0.7264416315049227,0.8234356317257872,"[[5041, 54], [389, 1033]]"
Ensemble Blending,0.9261240371065094,0.8522480742130187,0.8811992321533241,0.7299544933189236,0.061619472211394834,0.3208095893931025,0.9574074074074074,0.7271448663853727,0.8265387689848122,"[[5049, 46], [388, 1034]]"
