AUC,PR_AUC,Brier,KS,LogLoss
0.9054698024414416,0.9187225618031977,0.12330286389101291,0.6575246132208158,0.3909293129528612
0.9045134713277134,0.9191604377951765,0.12620218300576896,0.6504071437974288,0.3901401909663854
0.8822687812212038,0.9007292978760812,0.13885932655982267,0.6089024290059396,0.4367234946459436
0.8961577938319225,0.9150287302333839,0.1287123240806435,0.6432669095573629,0.4005925639643981
0.8945657413263574,0.9147449243127415,0.13163645743450422,0.6362474278231589,0.408767624670751
