AUC,PR-AUC,Brier,KS,LogLoss
0.9287487002914756,0.8834884225087974,0.058223389570552155,0.7481002948846882,0.21526467716975067
0.944738950346873,0.8967168044362686,0.05557407975460122,0.7505752808222681,0.2012890990122561
0.9431027893231779,0.899692699897134,0.05562824251726784,0.7573862124035134,0.2765156513763722
0.9388116541430356,0.8844158420330115,0.05957927858787414,0.7331476969486019,0.23670903307377072
0.9379466022399213,0.8855167821230638,0.05950452801227936,0.7296363028330023,0.21248195758410224
