AUC,PR-AUC,Brier,KS,LogLoss
0.9331645983693784,0.8823635783570004,0.05841133957342335,0.7312440563195213,0.21737749233195963
0.9282257276285993,0.8813338220064866,0.05785058317986494,0.7391669524334908,0.22927011949270498
0.9329283865577495,0.8878045452821872,0.05607059545733579,0.7426060940396495,0.24710582646841842
0.9259607223485651,0.8771750121508729,0.05963255064456722,0.7206317131434483,0.2584492883695281
0.9385327614176528,0.8933702646769428,0.05457995702885205,0.7491285560280083,0.22699822243833165
