AUC,PR_AUC,Brier,KS,LogLoss
0.9216027682195805,0.8544676088887011,0.06977319318704926,0.678659340325655,0.2578260474828744
0.923543500337122,0.8633145779359882,0.06711976672805402,0.69699025410883,0.2474842423309603
0.9226298057834788,0.8673932000784109,0.0653975138121547,0.710739365746746,0.2641759500504485
0.9123886825888692,0.8491300670679494,0.0709579957028852,0.6826109686539839,0.2710375168344181
0.924850017161614,0.8677856871604049,0.0654190454266421,0.7084373677053645,0.2487223575025201
